evm.model.hic_scaffold_1_pilon.1123_0,evm.model.hic_scaffold_1_pilon.1123_0
evm.model.hic_scaffold_1_pilon.1123_1,evm.model.hic_scaffold_1_pilon.1123_1
evm.model.hic_scaffold_1_pilon.1123_2,evm.model.hic_scaffold_1_pilon.1123_2
evm.model.hic_scaffold_1_pilon.1123_3,evm.model.hic_scaffold_1_pilon.1123_3
evm.model.hic_scaffold_1_pilon.1123_4,evm.model.hic_scaffold_1_pilon.1123_4
evm.model.hic_scaffold_1_pilon.1123_5,evm.model.hic_scaffold_1_pilon.1123_5
evm.model.hic_scaffold_1_pilon.1123_6,evm.model.hic_scaffold_1_pilon.1123_6
evm.model.hic_scaffold_1_pilon.1123_7,evm.model.hic_scaffold_1_pilon.1123_7
evm.model.hic_scaffold_1_pilon.1123_8,evm.model.hic_scaffold_1_pilon.1123_8
evm.model.hic_scaffold_1_pilon.1123_9,evm.model.hic_scaffold_1_pilon.1123_9
evm.model.hic_scaffold_1_pilon.1123_10,evm.model.hic_scaffold_1_pilon.1123_10
evm.model.hic_scaffold_1_pilon.1123_11,evm.model.hic_scaffold_1_pilon.1123_11
evm.model.hic_scaffold_1_pilon.1123_12,evm.model.hic_scaffold_1_pilon.1123_12
evm.model.hic_scaffold_1_pilon.1123_13,evm.model.hic_scaffold_1_pilon.1123_13
evm.model.hic_scaffold_1_pilon.1123_14,evm.model.hic_scaffold_1_pilon.1123_14
evm.model.hic_scaffold_1_pilon.1123_15,evm.model.hic_scaffold_1_pilon.1123_15
evm.model.hic_scaffold_1_pilon.540_16,evm.model.hic_scaffold_1_pilon.540_16
evm.model.hic_scaffold_1_pilon.540_17,evm.model.hic_scaffold_1_pilon.540_17
evm.model.hic_scaffold_1_pilon.540_18,evm.model.hic_scaffold_1_pilon.540_18
evm.model.hic_scaffold_1_pilon.540_19,evm.model.hic_scaffold_1_pilon.540_19
evm.model.hic_scaffold_1_pilon.540_20,evm.model.hic_scaffold_1_pilon.540_20
evm.model.hic_scaffold_1_pilon.540_21,evm.model.hic_scaffold_1_pilon.540_21
evm.model.hic_scaffold_1_pilon.540_22,evm.model.hic_scaffold_1_pilon.540_22
evm.model.hic_scaffold_1_pilon.540_23,evm.model.hic_scaffold_1_pilon.540_23
evm.model.hic_scaffold_1_pilon.540_24,evm.model.hic_scaffold_1_pilon.540_24
evm.model.hic_scaffold_1_pilon.540_25,evm.model.hic_scaffold_1_pilon.540_25
evm.model.hic_scaffold_1_pilon.540_26,evm.model.hic_scaffold_1_pilon.540_26
evm.model.hic_scaffold_1_pilon.540_27,evm.model.hic_scaffold_1_pilon.540_27
evm.model.hic_scaffold_1_pilon.540_28,evm.model.hic_scaffold_1_pilon.540_28
evm.model.hic_scaffold_1_pilon.540_29,evm.model.hic_scaffold_1_pilon.540_29
evm.model.hic_scaffold_1_pilon.540_30,evm.model.hic_scaffold_1_pilon.540_30
evm.model.hic_scaffold_1_pilon.540_31,evm.model.hic_scaffold_1_pilon.540_31
evm.model.hic_scaffold_1_pilon.540_32,evm.model.hic_scaffold_1_pilon.540_32
evm.model.hic_scaffold_1_pilon.540_33,evm.model.hic_scaffold_1_pilon.540_33
evm.model.hic_scaffold_1_pilon.540_34,evm.model.hic_scaffold_1_pilon.540_34
evm.model.hic_scaffold_1_pilon.540_35,evm.model.hic_scaffold_1_pilon.540_35
evm.model.hic_scaffold_1_pilon.540_36,evm.model.hic_scaffold_1_pilon.540_36
evm.model.hic_scaffold_1_pilon.540_37,evm.model.hic_scaffold_1_pilon.540_37
evm.model.hic_scaffold_1_pilon.540_38,evm.model.hic_scaffold_1_pilon.540_38
evm.model.hic_scaffold_1_pilon.540_39,evm.model.hic_scaffold_1_pilon.540_39
evm.model.hic_scaffold_1_pilon.541_40,evm.model.hic_scaffold_1_pilon.541_40
evm.model.hic_scaffold_1_pilon.541_41,evm.model.hic_scaffold_1_pilon.541_41
evm.model.hic_scaffold_1_pilon.541_42,evm.model.hic_scaffold_1_pilon.541_42
evm.model.hic_scaffold_1_pilon.541_43,evm.model.hic_scaffold_1_pilon.541_43
evm.model.hic_scaffold_1_pilon.541_44,evm.model.hic_scaffold_1_pilon.541_44
evm.model.hic_scaffold_1_pilon.541_45,evm.model.hic_scaffold_1_pilon.541_45
